Country,Code,Year,Average_Education,Life_Expectancy,GNI_per_capita,GDP_per_capita,Normalised_Average_Education,Normalised_Life_Expectancy
Albania,ALB,2015,9.99,78.6441,12018.466,3953.611,99900,78644.1
Albania,ALB,2000,9.93,75.4043,6066.2896,1127.64,99300,75404.3
Albania,ALB,2005,10.24,76.6208,8199.473,2673.773,102400,76620.8
Albania,ALB,2010,10.44,77.9359,10644.978,4097.833,104400,77935.9
Algeria,DZA,2015,7.55,75.622,11475.065,4153.322,75500,75622
Algeria,DZA,2020,8.18,74.4528,10639.853,3321.601,81800,74452.8
Algeria,DZA,1990,5.05,67.416,8592.763,2473.512,50500,67416
Algeria,DZA,1995,5.76,67.4544,7737.8784,1499.143,57600,67454.4
Algeria,DZA,2000,6.06,70.4779,8459.649,1794.695,60600,70477.9
Algeria,DZA,2005,6.43,72.0612,10106.237,3141.027,64300,72061.2
Algeria,DZA,2010,7,73.8081,10955.314,4480.719,70000,73808.1
Argentina,ARG,2015,9.59,76.7602,23506.88,14895.316,95900,76760.2
Argentina,ARG,2020,9.86,75.8921,19183.115,8571.937,98600,75892.1
Argentina,ARG,1990,8.67,71.7837,13588.677,4857.796,86700,71783.7
Argentina,ARG,1995,8.91,73.1333,17032.72,8295.123,89100,73133.3
Argentina,ARG,2000,9.08,73.926,18080.926,8638.543,90800,73926
Argentina,ARG,2005,9.57,75.1388,17191.188,5163.55,95700,75138.8
Argentina,ARG,2010,9.71,75.7208,22733.143,10412.974,97100,75720.8
Armenia,ARM,2015,10.45,74.4361,11966.456,3529.026,104500,74436.1
Armenia,ARM,2020,10.54,72.173,13181.649,4268.55,105400,72173
Australia,AUS,2015,12.92,82.6552,46275.902,51412.25,129200,82655.2
Australia,AUS,2020,12.93,84.3239,48543.332,53071.718,129300,84323.9
Australia,AUS,1990,11.44,77.0443,27670.156,18875.307,114400,77044.3
Australia,AUS,1995,11.51,78.2619,29042.453,20920.467,115100,78261.9
Australia,AUS,2000,11.37,79.6309,34345.02,20895.397,113700,79630.9
Australia,AUS,2005,11.71,81.1126,39293.293,36232.61,117100,81112.6
Australia,AUS,2010,11.69,82.055,43446.445,56579.027,116900,82055
Austria,AUT,2015,10.27,81.1594,52450.24,44267.809,102700,81159.4
Austria,AUT,2020,10.39,81.5036,52265.707,48857.083,103900,81503.6
Austria,AUT,1995,8.93,76.7766,41623.426,30350.529,89300,76776.6
Austria,AUT,2000,9.43,78.2358,47031.3,24636.471,94300,78235.8
Austria,AUT,2005,9.89,79.521,50119.41,38450.609,98900,79521
Austria,AUT,2010,10.13,80.4643,52538.42,46955.173,101300,80464.3
Bahrain,BHR,2015,7.82,79.4046,45765.105,22659.374,78200,79404.6
Bahrain,BHR,2020,8.21,79.1735,44654.832,23517.244,82100,79173.5
Bangladesh,BGD,2015,6.76,70.4913,4615.4756,1495.538,67600,70491.3
Bangladesh,BGD,2020,7.23,71.9678,5822.8013,2270.348,72300,71967.8
Bangladesh,BGD,1990,3.15,55.9886,1771.6886,398.05,31500,55988.6
Bangladesh,BGD,1995,3.72,59.4673,2028.4772,450.133,37200,59467.3
Bangladesh,BGD,2000,4.77,65.7791,2342.4873,483.217,47700,65779.1
Bangladesh,BGD,2005,5.51,67.2992,2784.3909,572.014,55100,67299.2
Bangladesh,BGD,2010,6.22,68.6384,3673.457,935.755,62200,68638.4
Belgium,BEL,2015,11.36,80.8898,50027.992,41147.261,113600,80889.8
Belgium,BEL,2020,11.57,80.7884,49769.883,45545.134,115700,80788.4
Belgium,BEL,1995,10.64,76.8385,40409.008,28458.469,106400,76838.5
Belgium,BEL,2000,10.95,77.7665,45184.555,23136.511,109500,77766.5
Belgium,BEL,2005,11.11,79.0526,47530.83,36945.499,111100,79052.6
Belgium,BEL,2010,11.29,80.033,48513.06,44448.17,112900,80033
Belize,BLZ,2015,10.56,73.1866,9002.695,6001.658,105600,73186.6
Belize,BLZ,2020,10.71,72.854,7500.307,4935.56,107100,72854
Belize,BLZ,1990,8.97,70.7437,6293.162,2907.089,89700,70743.7
Belize,BLZ,1995,9.62,69.8874,7440.956,3781.398,96200,69887.4
Belize,BLZ,2000,10.19,68.5645,8276.975,4468.235,101900,68564.5
Belize,BLZ,2005,10.77,69.3757,8908.249,5153.514,107700,69375.7
Belize,BLZ,2010,11.28,72.2716,8313.385,5392.038,112800,72271.6
Benin,BEN,2015,5.42,59.3771,2826.6958,1041.758,54200,59377.1
Benin,BEN,2020,6.27,60.088,3153.23,1237.79,62700,60088
Benin,BEN,1990,2.24,53.2918,2068.8284,562.898,22400,53291.8
Benin,BEN,1995,2.73,55.2947,2157.8914,495.048,27300,55294.7
Benin,BEN,2000,3.31,56.5779,2423.3015,503.22,33100,56577.9
Benin,BEN,2005,3.85,57.1252,2522.06,806.35,38500,57125.2
Benin,BEN,2010,4.57,58.3627,2619.7112,1010.314,45700,58362.7
Bolivia,BOL,2015,8.62,67.3182,7564.8384,3069.319,86200,67318.2
Bolivia,BOL,2020,9.06,64.4667,7592.0796,3172.556,90600,64466.7
Bolivia,BOL,1990,7.63,56.4221,4210.134,723.431,76300,56422.1
Bolivia,BOL,1995,8.09,59.5337,4764.6357,886.368,80900,59533.7
Bolivia,BOL,2000,8.73,62.3461,5168.399,994.617,87300,62346.1
Bolivia,BOL,2005,8.77,64.3856,5432.849,1037.176,87700,64385.6
Bolivia,BOL,2010,8.57,66.1624,6184.5845,1972.684,85700,66162.4
Botswana,BWA,2015,10.27,63.8183,13220.018,5869.738,102700,63818.3
Botswana,BWA,2020,10.58,65.6471,13255.79,5863.182,105800,65647.1
Brazil,BRA,2015,7.66,74.3325,14730.502,8846.476,76600,74332.5
Brazil,BRA,2020,8,74.0089,13725.025,6970.719,80000,74008.9
Brazil,BRA,1990,4.94,65.9848,10129.833,3106.116,49400,65984.8
Brazil,BRA,1995,5.79,67.9191,10994.005,4851.99,57900,67919.1
Brazil,BRA,2000,6.76,69.7367,11202.453,3772.05,67600,69736.7
Brazil,BRA,2005,7.67,71.7533,12166.438,4819.872,76700,71753.3
Brazil,BRA,2010,8.17,73.1821,14363.29,11333.023,81700,73182.1
Bulgaria,BGR,2015,10.71,74.6325,19379.15,7098.587,107100,74632.5
Bulgaria,BGR,2020,10.75,73.6453,21656.8,10170.723,107500,73645.3
Bulgaria,BGR,1995,9.31,71.0024,11113.731,1958.07,93100,71002.4
Bulgaria,BGR,2000,9.65,71.6091,10282.065,1625.322,96500,71609.1
Bulgaria,BGR,2005,10.61,72.5924,14828.08,3869.588,106100,72592.4
Bulgaria,BGR,2010,11.07,73.8348,17802.293,6753.335,110700,73834.8
Burundi,BDI,2015,4.3,60.2172,781.6238,304.243,43000,60217.2
Burundi,BDI,2020,5.05,61.5663,715.9824,259.906,50500,61566.3
Cambodia,KHM,2015,5.32,69.8725,3370.6858,1203.435,53200,69872.5
Cambodia,KHM,2020,5.81,70.416,4101.1533,1643.758,58100,70416
Cambodia,KHM,1995,3.41,56.3076,1140.747,319.537,34100,56307.6
Cambodia,KHM,2000,3.64,58.6253,1446.7618,299.982,36400,58625.3
Cambodia,KHM,2005,4.26,64.2933,2040.3348,470.64,42600,64293.3
Cambodia,KHM,2010,4.94,67.7123,2619.5227,788.182,49400,67712.3
Cameroon,CMR,2015,7.05,59.658,3566.0308,1382.65,70500,59658
Cameroon,CMR,2020,7.37,60.8328,3581.9207,1539.354,73700,60832.8
Cameroon,CMR,1990,4.65,54.8679,3362.223,1255.123,46500,54867.9
Cameroon,CMR,1995,5.3,53.2218,2583.612,745.55,53000,53221.8
Cameroon,CMR,2000,5.76,52.9317,2778.8691,660.382,57600,52931.7
Cameroon,CMR,2005,6.06,54.3619,3150.784,1101.546,60600,54361.9
Cameroon,CMR,2010,6.41,56.582,3267.7373,1353.407,64100,56582
Canada,CAN,2015,12.83,81.9246,46417.51,43626.47,128300,81924.6
Canada,CAN,2020,12.93,82.0471,45000.223,43383.713,129300,82047.1
Canada,CAN,1990,10.71,77.4308,32265.057,21572.137,107100,77430.8
Canada,CAN,1995,11.11,78.0194,33083.656,20706.725,111100,78019.4
Canada,CAN,2000,11.39,79.2335,39187.816,24296.721,113900,79233.5
Canada,CAN,2005,12.49,80.1364,43853.09,36439.62,124900,80136.4
Canada,CAN,2010,12.74,81.3469,44528.555,47627.345,127400,81346.9
Central African Republic,CAF,2015,4.21,52.793,810.958,377.476,42100,52793
Central African Republic,CAF,2020,4.64,54.6042,900.8033,494.521,46400,54604.2
Chile,CHL,2015,10.49,79.746,23890.084,13494.489,104900,79746
Chile,CHL,2020,10.74,79.3769,21539.955,13067.742,107400,79376.9
Chile,CHL,1990,8.58,72.574,9306.914,2521.569,85800,72574
Chile,CHL,1995,8.92,74.6085,12714.117,5153.88,89200,74608.5
Chile,CHL,2000,9.41,76.8695,14893.587,5099.922,94100,76869.5
Chile,CHL,2005,9.96,78.0159,16899.188,7558.009,99600,78015.9
Chile,CHL,2010,10.35,78.5015,19736.78,12723.064,103500,78501.5
Colombia,COL,2015,9.78,76.2573,14032.543,6337.022,97800,76257.3
Colombia,COL,2020,10.2,74.7692,13267.672,5363.072,102000,74769.2
Colombia,COL,1990,6.16,68.644,8054.8135,1691.106,61600,68644
Colombia,COL,1995,6.68,69.9325,9359.493,3035.313,66800,69932.5
Colombia,COL,2000,7.12,71.3201,8951.096,2535.477,71200,71320.1
Colombia,COL,2005,7.56,73.0814,9905.9795,3493.976,75600,73081.4
Colombia,COL,2010,9.35,75.0327,11472.103,6498.585,93500,75032.7
Costa Rica,CRI,2015,8.77,79.0857,18045.252,11635.197,87700,79085.7
Costa Rica,CRI,2020,9.12,79.277,18726.95,12163.927,91200,79277
Costa Rica,CRI,1995,7.61,76.5519,12663.619,3336.709,76100,76551.9
Costa Rica,CRI,2000,7.96,77.5857,12112.721,3941.14,79600,77585.7
Costa Rica,CRI,2005,8.52,78.5053,13235.087,4756.337,85200,78505.3
Costa Rica,CRI,2010,8.43,78.6704,15721.437,8268.859,84300,78670.4
Croatia,HRV,2015,11.8,77.5599,25068.535,12070.738,118000,77559.9
Croatia,HRV,2020,12.03,77.9845,27630.719,14224.015,120300,77984.5
Cyprus,CYP,2015,12.1,80.9665,34365.58,23507.457,121000,80966.5
Cyprus,CYP,2020,12.42,81.3905,36719.1,28139.894,124200,81390.5
Cyprus,CYP,1990,9.85,73.5387,25090.549,10359.998,98500,73538.7
Cyprus,CYP,1995,10.28,75.1329,27217.428,15396.919,102800,75132.9
Cyprus,CYP,2000,10.82,76.568,30136.502,14464.952,108200,76568
Cyprus,CYP,2005,10.19,78.1008,35773.86,25527.08,101900,78100.8
Cyprus,CYP,2010,11.76,79.665,37884.066,31522.217,117600,79665
Denmark,DNK,2015,11.67,80.738,54690.49,53478.495,116700,80738
Denmark,DNK,2020,11.69,81.5449,57754.867,61005.841,116900,81544.9
Denmark,DNK,1990,10.48,74.8636,36106.215,26920.581,104800,74863.6
Denmark,DNK,1995,11.04,75.2856,40527.836,35471.255,110400,75285.6
Denmark,DNK,2000,11.5,76.8137,46139.855,30798.717,115000,76813.7
Denmark,DNK,2005,11.81,78.2243,50870.25,48872.095,118100,78224.3
Denmark,DNK,2010,11.97,79.2459,51409.125,58177.162,119700,79245.9
Dominican Republic,DOM,2015,8.48,72.9531,14522.42,7139.507,84800,72953.1
Dominican Republic,DOM,2020,9.04,72.8894,15993.167,7553.509,90400,72889.4
Dominican Republic,DOM,1990,6.13,67.1102,5945.854,1123.244,61300,67110.2
Dominican Republic,DOM,1995,6.58,68.9884,7001.2305,2141.061,65800,68988.4
Dominican Republic,DOM,2000,7.03,69.4232,8841.375,2894.303,70300,69423.2
Dominican Republic,DOM,2005,7.54,70.8752,9671.669,4008.356,75400,70875.2
Dominican Republic,DOM,2010,8.12,72.0933,12229.395,5688.751,81200,72093.3
Ecuador,ECU,2015,8.54,76.7893,11697.389,6099.351,85400,76789.3
Ecuador,ECU,2020,9.07,72.1535,10056.887,5670.33,90700,72153.5
Ecuador,ECU,1990,7.23,69.3477,7482.4697,1173.126,72300,69347.7
Ecuador,ECU,1995,7.32,71.0408,8201.147,1980.373,73200,71040.8
Ecuador,ECU,2000,7.41,72.8394,7695.8535,1461.838,74100,72839.4
Ecuador,ECU,2005,7.7,74.5144,9144.909,3025.012,77000,74514.4
Ecuador,ECU,2010,8.02,75.4301,10209.013,4633.247,80200,75430.1
Egypt,EGY,2015,7.53,70.4831,9821.1875,3933.927,75300,70483.1
Egypt,EGY,2020,8.01,70.9905,11028.162,3802.438,80100,70990.5
Egypt,EGY,1990,4.6,64.1459,5818.226,1870.847,46000,64145.9
Egypt,EGY,1995,5.36,66.312,6334.134,1098.086,53600,66312
Egypt,EGY,2000,6.3,68.0074,7504.444,1636.752,63000,68007.4
Egypt,EGY,2005,6.93,68.7786,7996.5645,1331.362,69300,68778.6
Egypt,EGY,2010,7.44,69.6638,9614.254,2922.796,74400,69663.8
El Salvador,SLV,2015,7.67,71.8143,7882.9404,3761.493,76700,71814.3
El Salvador,SLV,2020,8.1,71.0609,7823.2134,3903.414,81000,71060.9
El Salvador,SLV,1990,5.08,62.5504,5047.8374,891.76,50800,62550.4
El Salvador,SLV,1995,5.8,66.3297,6065.2046,1552.129,58000,66329.7
El Salvador,SLV,2000,7.04,69.8647,6354.1963,1977.835,70400,69864.7
El Salvador,SLV,2005,8.08,70.4403,6674.1294,2434.331,80800,70440.3
El Salvador,SLV,2010,8.06,71.8478,7200.4834,3017.325,80600,71847.8
Estonia,EST,2015,12.33,77.6563,30137.97,17403.806,123300,77656.3
Estonia,EST,2020,12.29,78.3431,35796.758,23576.356,122900,78343.1
Eswatini,SWZ,2015,5.77,55.0192,7780.984,3766.458,57700,55019.2
Eswatini,SWZ,2020,6.46,59.6922,7438.343,3535.09,64600,59692.2
Eswatini,SWZ,1990,5.28,63.0719,5175.9917,1558.18,52800,63071.9
Eswatini,SWZ,1995,5.2,56.1477,5369.7275,2160.27,52000,56147.7
Eswatini,SWZ,2000,4.62,47.2561,5572.2114,1818.67,46200,47256.1
Eswatini,SWZ,2005,4.64,42.1254,6698.023,3174.588,46400,42125.4
Eswatini,SWZ,2010,5.33,46.6191,6872.2886,4263.91,53300,46619.1
Finland,FIN,2015,10.94,81.4178,45628.12,42867.09,109400,81417.8
Finland,FIN,2020,11.05,81.8657,48353.926,49168.162,110500,81865.7
Finland,FIN,1995,9.31,76.6039,33090.516,26347.514,93100,76603.9
Finland,FIN,2000,9.9,77.6712,42005.375,24379.783,99000,77671.2
Finland,FIN,2005,10.42,78.9713,45949.02,39147.216,104200,78971.3
Finland,FIN,2010,10.71,80.0117,46138.473,46647.002,107100,80011.7
France,FRA,2015,11.6,82.1857,44323.977,37937.861,116000,82185.7
France,FRA,2020,11.89,82.2104,42988.53,40385.395,118900,82210.4
France,FRA,1990,8.32,76.8335,34076,22490.289,83200,76833.5
France,FRA,1995,9.36,77.8713,35316.887,27741.294,93600,77871.3
France,FRA,2000,10.22,79.0472,40099.438,23212.45,102200,79047.2
France,FRA,2005,10.86,80.3394,41987.324,36057.117,108600,80339.4
France,FRA,2010,11.34,81.4275,42769.566,42178.577,113400,81427.5
Gabon,GAB,2015,9.53,65.4599,13603.218,7453.114,95300,65459.9
Gabon,GAB,2020,10.18,66.5305,13023.092,7277.369,101800,66530.5
Germany,DEU,2015,12.86,80.5742,52200.625,41107.222,128600,80574.2
Germany,DEU,2020,13.1,81.1472,53616.332,46735.314,131000,81147.2
Germany,DEU,1990,8.96,75.3588,36587.316,20249.138,89600,75358.8
Germany,DEU,1995,9.93,76.5619,39440.76,31829.61,99300,76561.9
Germany,DEU,2000,10.59,78.0637,42394.863,23924.876,105900,78063.7
Germany,DEU,2005,11.98,79.2618,44193.77,35020.197,119800,79261.8
Germany,DEU,2010,12.58,80.0864,47554.227,42379.71,125800,80086.4
Ghana,GHA,2015,7.72,63.1752,4473.41,1784.248,77200,63175.2
Ghana,GHA,2020,8.39,64.114,5304.6416,2274.572,83900,64114
Ghana,GHA,2010,7.66,61.1571,3640.6414,1757.045,76600,61157.1
Greece,GRC,2015,11.6,80.6676,28208.72,18023.869,116000,80667.6
Greece,GRC,2020,11.86,80.9092,26735.521,17611.847,118600,80909.2
Greece,GRC,2010,11.36,80.5102,32426.76,26743.4,113600,80510.2
Guatemala,GTM,2015,5.72,72.103,7932.5684,3825.882,57200,72103
Guatemala,GTM,2020,6.26,71.7969,8235.422,4318.636,62600,71796.9
Guatemala,GTM,1990,3.66,62.4728,5418.062,808.879,36600,62472.8
Guatemala,GTM,1995,3.96,64.1954,5967.3164,1348.884,39600,64195.4
Guatemala,GTM,2000,4.35,67.4459,6429.0635,1555.638,43500,67445.9
Guatemala,GTM,2005,4.33,69.1675,6637.0254,2151.742,43300,69167.5
Guatemala,GTM,2010,5.21,70.8783,7154.3364,2836.06,52100,70878.3
Guyana,GUY,2015,8.32,68.2015,11505.099,5579.974,83200,68201.5
Guyana,GUY,2020,8.52,68.4858,18190.582,6952.702,85200,68485.8
Guyana,GUY,2010,9,66.743,9864.013,3837.303,90000,66743
Haiti,HTI,2015,5.5,63.2372,3149.18,1359.209,55000,63237.2
Haiti,HTI,2020,5.95,64.0518,2964.7542,1235.476,59500,64051.8
Haiti,HTI,1990,3.56,52.9753,3585.3381,240.23,35600,52975.3
Haiti,HTI,1995,4.06,55.5471,2890.3796,618.383,40600,55547.1
Haiti,HTI,2000,4.44,58.3652,2975.2585,794.059,44400,58365.2
Haiti,HTI,2005,4.9,60.4153,2883.2214,773.35,49000,60415.3
Haiti,HTI,2010,5.17,46.0185,2937.2522,1175.199,51700,46018.5
Honduras,HND,2015,7.04,72.4871,4829.0684,2302.204,70400,72487.1
Honduras,HND,2020,7.51,71.4619,4675.002,2380.029,75100,71461.9
Honduras,HND,2000,5.87,68.6618,3962.3315,1093.106,58700,68661.8
Honduras,HND,2005,6.24,70.1041,4318.578,1308.089,62400,70104.1
Honduras,HND,2010,6.6,71.0884,4609.0854,1904.346,66000,71088.4
Hungary,HUN,2015,11.83,75.6517,26278.367,12700.301,118300,75651.7
Hungary,HUN,2020,11.96,75.7297,30748.957,16089.014,119600,75729.7
Hungary,HUN,2000,11.57,71.7579,18524.242,4619.293,115700,71757.9
Hungary,HUN,2005,11.89,72.8648,23349.826,11211.246,118900,72864.8
Hungary,HUN,2010,11.98,74.5192,23588.87,13199.056,119800,74519.2
India,IND,2015,7.31,69.6363,5349.192,1590.174,73100,69636.3
India,IND,2020,7.8,70.1499,6030.0005,1913.22,78000,70149.9
India,IND,1990,3.56,58.6516,1799.143,375.216,35600,58651.6
India,IND,1995,4.3,60.5962,2085.0168,380.181,43000,60596.2
India,IND,2000,5.3,62.6693,2548.2163,449.787,53000,62669.3
India,IND,2005,5.94,64.9955,3203.737,722.492,59400,64995.5
India,IND,2010,6.59,66.9086,4169.1772,1377.109,65900,66908.6
Indonesia,IDN,2015,8.5,69.6989,9788.556,3367.691,85000,69698.9
Indonesia,IDN,2020,9.06,68.8077,11213.58,3932.332,90600,68807.7
Indonesia,IDN,2010,8.02,68.6793,7986.4565,3178.133,80200,68679.3
Iran,IRN,2015,9.37,75.1239,14020.659,5172.134,93700,75123.9
Iran,IRN,1990,5.49,64.3665,9438.505,10661.483,54900,64366.5
Iran,IRN,1995,6.69,67.7846,9957.626,1941.99,66900,67784.6
Iran,IRN,2000,7.66,69.6909,11046.115,5776.857,76600,69690.9
Iran,IRN,2005,8.49,71.8384,13300.549,3291.94,84900,71838.4
Iran,IRN,2010,9.15,73.0691,15102.617,6983.777,91500,73069.1
Iraq,IRQ,2015,7.76,69.4403,9286.374,5044.624,77600,69440.3
Iraq,IRQ,2020,8.27,69.1228,8824.503,4219.874,82700,69122.8
Iraq,IRQ,2010,7.43,67.0622,8256.523,4473.71,74300,67062.2
Ireland,IRL,2015,13.57,81.4163,55545.176,61902.659,135700,81416.3
Ireland,IRL,2020,13.74,82.4699,67726.88,85233.623,137400,82469.9
Ireland,IRL,1995,10.8,75.4783,28626.691,19086.951,108000,75478.3
Ireland,IRL,2000,11.03,76.5423,40970.363,26186.332,110300,76542.3
Ireland,IRL,2005,11.8,78.9162,47370.875,50476.482,118000,78916.2
Ireland,IRL,2010,12.45,80.5226,42358.043,48620.625,124500,80522.6
Israel,ISR,2015,12.04,82.0999,36724.23,36221.118,120400,82099.9
Israel,ISR,2020,12.04,82.3598,39521.195,44850.441,120400,82359.8
Italy,ITA,2015,11.11,82.5255,39796.62,30463.696,111100,82525.5
Italy,ITA,2020,11.51,82.3953,39957.324,31784.787,115100,82395.3
Italy,ITA,1995,9.04,78.1161,38549.863,20675.341,90400,78116.1
Italy,ITA,2000,9.73,79.6072,42800.145,20153.051,97300,79607.2
Italy,ITA,2005,10.2,81.023,44251.984,32031.426,102000,81023
Italy,ITA,2010,10.71,82.1371,42150.6,35815.615,107100,82137.1
Jamaica,JAM,2015,9.81,72.394,9501.7295,5204.825,98100,72394
Jamaica,JAM,2020,10.1,71.8686,8898.101,5072.599,101000,71868.6
Jamaica,JAM,2010,10.33,72.6219,9343.56,4894.369,103300,72621.9
Japan,JPN,2015,12.6,83.8928,41874.215,35005.662,126000,83892.8
Japan,JPN,2020,12.83,84.6879,41492.51,40117.916,128300,84687.9
Japan,JPN,1995,11.26,79.6702,37026.797,44210.234,112600,79670.2
Japan,JPN,2000,11.77,81.1759,38375.43,39172.971,117700,81175.9
Japan,JPN,2005,12.12,82.012,40079.832,37819.107,121200,82012
Japan,JPN,2010,12.44,82.9193,39152.93,45135.796,124400,82919.3
Jordan,JOR,2015,10.5,75.0112,9802.32,4169.99,105000,75011.2
Jordan,JOR,2020,10.81,75.1843,9177.594,4336.382,108100,75184.3
Jordan,JOR,1990,7.02,69.8538,7762.6694,1174.149,70200,69853.8
Jordan,JOR,1995,7.89,70.8699,8280.325,1472.951,78900,70869.9
Jordan,JOR,2000,8.72,71.9178,8955.22,1703.235,87200,71917.8
Jordan,JOR,2005,9.42,72.9321,10990.09,2277.942,94200,72932.1
Jordan,JOR,2010,9.92,73.9996,11777.048,3736.645,99200,73999.6
Kazakhstan,KAZ,2015,11.69,70.7265,23136.889,10435.171,116900,70726.5
Kazakhstan,KAZ,2020,11.79,70.0304,23303.725,9062.958,117900,70030.4
Kenya,KEN,2015,6.28,61.8922,3755.2856,1619.41,62800,61892.2
Kenya,KEN,2020,6.73,62.6755,4420.6284,2067.388,67300,62675.5
Kenya,KEN,1990,5.05,58.6145,3530.9795,737.217,50500,58614.5
Kenya,KEN,1995,5.5,55.617,3297.6338,623.714,55000,55617
Kenya,KEN,2000,5.91,54.4112,3272.4397,617.147,59100,54411.2
Kenya,KEN,2005,6.48,57.344,3398.4302,778.333,64800,57344
Kenya,KEN,2010,6.47,60.649,3286.193,1176.311,64700,60649
Kuwait,KWT,2015,6.49,79.5624,60058.008,27398.083,64900,79562.4
Kuwait,KWT,2010,6.39,77.9817,66599.17,32216.413,63900,77981.7
Latvia,LVA,2015,11.79,74.6854,25953.102,13728.365,117900,74685.4
Latvia,LVA,2020,11.96,75.4526,31597.805,18123.655,119600,75452.6
Lesotho,LSO,2015,6.44,51.1014,2959.839,1104.543,64400,51101.4
Lesotho,LSO,2020,6.88,54.6933,2613.043,1034.702,68800,54693.3
Lesotho,LSO,2010,6.08,45.5955,2963.311,1222.197,60800,45595.5
Lithuania,LTU,2015,12.44,74.6103,29301.105,14265.41,124400,74610.3
Lithuania,LTU,2020,12.5,75.0676,36087.133,20323.207,125000,75067.6
Luxembourg,LUX,2015,11.41,81.8384,74254.43,106710.076,114100,81838.4
Luxembourg,LUX,2020,11.53,81.4335,78908.19,118083.886,115300,81433.5
Luxembourg,LUX,1990,9.24,75.6045,60748.57,33067.032,92400,75604.5
Luxembourg,LUX,1995,9.57,76.7049,68122.97,50705.305,95700,76704.9
Luxembourg,LUX,2000,9.92,77.8112,78558.31,48984.386,99200,77811.2
Luxembourg,LUX,2005,10.59,79.4015,87012.01,81728.362,105900,79401.5
Luxembourg,LUX,2010,11.33,80.5731,75754.52,112049.15,113300,80573.1
Malaysia,MYS,2015,11.49,75.0942,23170.195,9663.283,114900,75094.2
Malaysia,MYS,2020,11.96,75.9378,25216.48,10361.276,119600,75937.8
Maldives,MDV,2015,7.57,79.6953,16414.93,11781.029,75700,79695.3
Maldives,MDV,2020,8.06,79.8747,12331.546,9882.737,80600,79874.7
Mali,MLI,2015,2.78,58.3632,2013.093,723.581,27800,58363.2
Mali,MLI,2020,3.55,58.6331,2030.4408,831.034,35500,58633.1
Mali,MLI,1990,0.95,46.6204,1330.9662,360.285,9500,46620.4
Mali,MLI,1995,1.07,47.8157,1386.8339,336.392,10700,47815.7
Mali,MLI,2000,1.3,50.5393,1572.5865,263.615,13000,50539.3
Mali,MLI,2005,1.81,54.0029,1841.8533,474.257,18100,54002.9
Mali,MLI,2010,2.14,56.3817,1937.9489,688.89,21400,56381.7
Malta,MLT,2015,11.53,82.9621,37773.336,25228.175,115300,82962.1
Malta,MLT,2020,12.09,83.3545,37154.395,29217.15,120900,83354.5
Malta,MLT,2000,10.43,77.58,25130.947,10482,104300,77580
Malta,MLT,2005,10.6,79.6465,28285.6,15930.142,106000,79646.5
Malta,MLT,2010,11.06,81.8134,31336.979,21842.065,110600,81813.4
Mauritania,MRT,2015,5.1,64.4847,5010.955,1668.065,51000,64484.7
Mauritania,MRT,2020,5.55,64.5321,5237.6157,2076.432,55500,64532.1
Mauritius,MUS,2015,9.9,74.9754,20687.182,9507.999,99000,74975.4
Mauritius,MUS,2020,10.4,74.3306,20601.08,9005.348,104000,74330.6
Mauritius,MUS,2010,9.44,73.9987,17522.676,8108.095,94400,73998.7
Mexico,MEX,2015,9.65,74.6822,19044.73,9657.118,96500,74682.2
Mexico,MEX,2020,10.18,70.1328,17721.814,8533.496,101800,70132.8
Mexico,MEX,1990,6.68,69.9707,14872.745,3450.198,66800,69970.7
Mexico,MEX,1995,7.37,71.6457,14534.794,3920.738,73700,71645.7
Mexico,MEX,2000,7.96,73.5692,17562.611,7166.141,79600,73569.2
Mexico,MEX,2005,8.9,74.3765,17507.355,8303.985,89000,74376.5
Mexico,MEX,2010,9.18,74.1901,17819.566,9299.455,91800,74190.1
Moldova,MDA,2015,10.8,69.2396,10951.759,2715.782,108000,69239.6
Moldova,MDA,2020,10.84,70.1665,12615.386,4377.542,108400,70166.5
Mongolia,MNG,2015,9.77,69.4977,10207.752,3800.11,97700,69497.7
Mongolia,MNG,2020,10,72.141,10562.615,3965.097,100000,72141
Morocco,MAR,2015,6.15,72.9197,7568.428,3235.57,61500,72919.7
Morocco,MAR,2020,6.83,73.9199,7473.915,3375.265,68300,73919.9
Morocco,MAR,1990,3.05,62.4478,3493.0667,1351.477,30500,62447.8
Morocco,MAR,1995,3.64,64.7358,3500.4812,1600.891,36400,64735.8
Morocco,MAR,2000,4.09,66.7869,4031.3445,1486.874,40900,66786.9
Morocco,MAR,2005,4.63,68.7039,4869.6475,2232.943,46300,68703.9
Morocco,MAR,2010,5.27,70.8288,5763.3467,3134.699,52700,70828.8
Mozambique,MOZ,2015,3.31,58.1509,1249.5629,589.86,33100,58150.9
Mozambique,MOZ,2020,4.22,61.1722,1210.5001,454.063,42200,61172.2
Mozambique,MOZ,1995,0.98,46.04,450.06354,187.295,9800,46040
Mozambique,MOZ,2000,1.13,49.4912,608.6727,319.358,11300,49491.2
Mozambique,MOZ,2005,1.34,51.561,798.6727,416.811,13400,51561
Mozambique,MOZ,2010,2.03,54.1984,1014.9448,471.904,20300,54198.4
Myanmar,MMR,2015,5.9,65.5613,3585.8738,1223.742,59000,65561.3
Myanmar,MMR,2020,6.48,66.797,4789.044,1527.434,64800,66797
Namibia,NAM,2015,6.64,60.7002,10810.321,5020.473,66400,60700.2
Namibia,NAM,2020,6.88,62.829,9019.957,4224.874,68800,62829
Nepal,NPL,2015,5.44,67.4562,3304.1353,882.308,54400,67456.2
Nepal,NPL,2020,6.19,69.2456,3805.3555,1139.192,61900,69245.6
Nepal,NPL,2005,3.74,65.4566,2236.3777,354.925,37400,65456.6
Nepal,NPL,2010,4.44,66.8138,2702.0417,671.907,44400,66813.8
Netherlands,NLD,2015,11.74,81.4821,53419.387,45302.804,117400,81482.1
Netherlands,NLD,2020,11.82,81.6381,53525.5,52222.364,118200,81638.1
Netherlands,NLD,1990,10.59,77.0067,36226.504,21581.579,105900,77006.7
Netherlands,NLD,1995,10.88,77.5454,39944.605,29350.802,108800,77545.4
Netherlands,NLD,2000,11.14,78.1222,48255.484,26327.855,111400,78122.2
Netherlands,NLD,2005,11.15,79.4797,50023.348,42054.884,111500,79479.7
Netherlands,NLD,2010,11.71,80.8186,52607.65,51165.823,117100,80818.6
New Zealand,NZL,2015,10.91,81.9765,38617.57,38200.039,109100,81976.5
New Zealand,NZL,2020,10.81,82.7419,41448.008,41308.744,108100,82741.9
New Zealand,NZL,1990,11.69,75.4242,24242.064,13440.096,116900,75424.2
New Zealand,NZL,1995,11.81,76.7886,25054.08,16938.736,118100,76788.6
New Zealand,NZL,2000,11.98,78.6782,27702.102,14021.625,119800,78678.2
New Zealand,NZL,2005,12,80.0572,32169.793,27384.825,120000,80057.2
New Zealand,NZL,2010,11.12,81.1019,34158.715,33393.529,111200,81101.9
Nicaragua,NIC,2015,7.25,72.983,5360.2524,2029.124,72500,72983
Nicaragua,NIC,2020,7.76,71.7954,4826.821,1937.328,77600,71795.4
Nicaragua,NIC,1995,5.19,65.6078,3009.7104,935.34,51900,65607.8
Nicaragua,NIC,2000,5.7,67.2335,3778.151,1030.74,57000,67233.5
Nicaragua,NIC,2005,6.28,67.9359,4224.7334,1152.801,62800,67935.9
Nicaragua,NIC,2010,6.82,72.009,4477.377,1499.068,68200,72009
Niger,NER,2015,2.44,61.0827,1180.1838,484.173,24400,61082.7
Niger,NER,1990,1.08,41.8517,1085.8259,435.341,10800,41851.7
Niger,NER,1995,1.28,45.7738,986.23395,241.954,12800,45773.8
Niger,NER,2000,1.43,49.3216,948.8672,197.275,14300,49321.6
Niger,NER,2005,1.62,53.59,1004.83545,320.925,16200,53590
Niger,NER,2010,1.95,58.3668,1081.262,476.064,19500,58366.8
Norway,NOR,2015,12.11,82.2718,66756.62,74870.423,121100,82271.8
Norway,NOR,2020,12.08,83.1951,62243.047,68399.085,120800,83195.1
Norway,NOR,1990,10.79,76.5865,36062.793,28228.966,107900,76586.5
Norway,NOR,1995,11.31,77.7967,41251.688,34849.17,113100,77796.7
Norway,NOR,2000,11.56,78.6919,54793.9,38192.964,115600,78691.9
Norway,NOR,2005,11.91,80.1699,63543.38,67123.597,119100,80169.9
Norway,NOR,2010,11.65,81.0401,64988.875,88296.36,116500,81040.1
Pakistan,PAK,2015,5.89,65.6971,4476.539,1550.547,58900,65697.1
Pakistan,PAK,2020,6.41,66.2695,4912.2915,1376.512,64100,66269.5
Pakistan,PAK,1990,3.05,60.0656,2982.5496,538.436,30500,60065.6
Pakistan,PAK,1995,3.52,59.8784,3223.902,709.938,35200,59878.4
Pakistan,PAK,2000,4.04,62.1018,3280.2058,630.279,40400,62101.8
Pakistan,PAK,2005,5.05,62.4657,3757.4165,842.046,50500,62465.7
Pakistan,PAK,2010,5.22,64.4361,3983.6575,1122.712,52200,64436.1
Panama,PAN,2015,10.06,77.4684,26681.375,13606.597,100600,77468.4
Panama,PAN,2020,10.44,76.657,24795.094,12615.878,104400,76657
Panama,PAN,1990,8.08,71.0972,10435.08,2312.985,80800,71097.2
Panama,PAN,1995,8.71,72.3847,12179.373,3099.915,87100,72384.7
Panama,PAN,2000,9.24,74.0015,14049.829,4111.712,92400,74001.5
Panama,PAN,2005,9.51,75.8285,15273.028,4965.212,95100,75828.5
Panama,PAN,2010,9.72,76.4479,19819.262,8039.764,97200,76447.9
Paraguay,PRY,2015,8.4,73.1905,12337.319,5360.077,84000,73190.5
Paraguay,PRY,2020,8.83,73.1816,12880.832,4885.396,88300,73181.6
Paraguay,PRY,1995,6.4,69.0092,8674.498,1897.134,64000,69009.2
Paraguay,PRY,2000,6.55,69.7502,7770.7344,1675.793,65500,69750.2
Paraguay,PRY,2005,8.03,70.5269,7901.506,1857.78,80300,70526.9
Paraguay,PRY,2010,7.99,71.8872,10693.344,4329.69,79900,71887.2
Peru,PER,2015,9.61,75.6206,11613.84,6164.215,96100,75620.6
Peru,PER,2020,9.96,73.6655,10883.292,6145.031,99600,73665.5
Peru,PER,1990,7.39,65.1059,4934.984,1301.465,73900,65105.9
Peru,PER,1995,8.09,67.6445,5876.338,2147.428,80900,67644.5
Peru,PER,2000,9.05,70.424,6251.819,1940.238,90500,70424
Peru,PER,2005,9.88,72.9858,7023.717,2669.214,98800,72985.8
Peru,PER,2010,9.28,73.7106,9252.911,5055.521,92800,73710.6
Philippines,PHL,2015,9.14,71.2684,8065.038,3039.234,91400,71268.4
Philippines,PHL,2020,9.44,72.1191,8352.531,3325.836,94400,72119.1
Philippines,PHL,1990,7.15,65.9093,3929.5056,828.821,71500,65909.3
Philippines,PHL,1995,7.59,68.2231,4238.1196,1237.311,75900,68223.1
Philippines,PHL,2000,7.96,69.4134,4891.579,1087.287,79600,69413.4
Philippines,PHL,2005,8.27,70.2402,5562.0874,1261.241,82700,70240.2
Philippines,PHL,2010,8.65,70.7542,6556.0957,2237.157,86500,70754.2
Poland,POL,2015,11.84,77.4151,26636.076,12545.188,118400,77415.1
Poland,POL,2020,12.01,76.9424,31292.871,15792.61,120100,76942.4
Poland,POL,1995,10.32,71.9193,12226.06,3612.264,103200,71919.3
Poland,POL,2000,10.74,73.7335,16114.734,4485.064,107400,73733.5
Poland,POL,2005,11.36,75.0936,18480.857,8023.921,113600,75093.6
Poland,POL,2010,11.62,76.3175,22917.816,12510.805,116200,76317.5
Portugal,PRT,2015,9.14,81.2093,30186.541,19252.015,91400,81209.3
Portugal,PRT,2020,9.56,81.0545,31773.658,22224.566,95600,81054.5
Portugal,PRT,1995,7.49,75.5501,24588.12,11787.315,74900,75550.1
Portugal,PRT,2000,8.41,76.8304,28671.52,11531.467,84100,76830.4
Portugal,PRT,2005,8.12,78.3053,29777.588,18790.561,81200,78305.3
Portugal,PRT,2010,8.71,80.035,30139.451,22539.038,87100,80035
Qatar,QAT,2020,8.52,79.0987,87384.91,53797.937,85200,79098.7
Romania,ROU,2015,11.07,74.7901,23698.242,8951.736,110700,74790.1
Romania,ROU,2020,11.28,75.3456,28594.875,13021.962,112800,75345.6
Romania,ROU,1990,9.84,69.729,13365.963,1641.855,98400,69729
Romania,ROU,1995,10.37,69.5602,12140.176,1563.117,103700,69560.2
Romania,ROU,2000,10.7,71.2823,12130.058,1667.613,107000,71282.3
Romania,ROU,2005,10.89,70.6095,16401.824,4608.801,108900,70609.5
Romania,ROU,2010,11.24,73.9959,20195.727,8391.048,112400,73995.9
Rwanda,RWA,2015,4.62,65.2977,1809.9231,755.951,46200,65297.7
Rwanda,RWA,2020,5.24,66.7741,2020.5679,804.188,52400,66774.1
Saudi Arabia,SAU,2015,9.34,76.9185,48545.203,21672.672,93400,76918.5
Saudi Arabia,SAU,2020,9.86,76.2392,43681.062,20971.147,98600,76239.2
Senegal,SEN,2015,3.73,66.8794,2936.0437,1219.373,37300,66879.4
Senegal,SEN,2020,4.4,68.0064,3302.379,1465.244,44000,68006.4
Senegal,SEN,1990,2.37,56.9484,2412.132,936.148,23700,56948.4
Senegal,SEN,1995,2.26,56.8385,2346.8047,693.418,22600,56838.5
Senegal,SEN,2000,1.98,56.9434,2586.8245,614.004,19800,56943.4
Senegal,SEN,2005,1.67,60.9152,2769.2063,993.237,16700,60915.2
Senegal,SEN,2010,3.11,64.6154,2807.6897,1272.622,31100,64615.4
Serbia,SRB,2015,11.49,75.8172,14858.8545,5588.98,114900,75817.2
Serbia,SRB,2020,11.72,75.4057,17699.324,7733.803,117200,75405.7
Serbia,SRB,2000,9.52,71.4392,8903.82,1302.452,95200,71439.2
Serbia,SRB,2005,10.6,72.7092,12012.855,3695.343,106000,72709.2
Serbia,SRB,2010,11.52,74.3753,14209.045,5673.62,115200,74375.3
Sierra Leone,SLE,2015,4.23,57.189,1495.4181,592.903,42300,57189
Sierra Leone,SLE,2020,4.99,59.7632,1554.3069,508.812,49900,59763.2
Sierra Leone,SLE,2005,3.36,48.2373,1203.7318,285.106,33600,48237.3
Sierra Leone,SLE,2010,4.28,53.6932,1419.4668,401.835,42800,53693.2
Slovenia,SVN,2015,11.95,80.8218,32738.328,20898.86,119500,80821.8
Slovenia,SVN,2020,12.06,80.4409,37028.75,25604.69,120600,80440.9
South Africa,ZAF,2015,10.15,63.9499,13359.927,6256.667,101500,63949.9
South Africa,ZAF,2020,10.47,65.2522,12905.938,5661.013,104700,65252.2
South Africa,ZAF,1990,6.89,63.3753,9420.842,3425.585,68900,63375.3
South Africa,ZAF,1995,8.37,62.2616,8874.223,4145.21,83700,62261.6
South Africa,ZAF,2000,7.92,58.4704,9435.717,3382.066,79200,58470.4
South Africa,ZAF,2005,8.86,53.9797,11174.806,6033.211,88600,53979.7
South Africa,ZAF,2010,9.89,58.8987,13005.323,8130.193,98900,58898.7
Spain,ESP,2015,11.24,82.6464,37380.598,25776.217,112400,82646.4
Spain,ESP,2020,11.51,82.2892,36188.508,26943.767,115100,82289.2
Spain,ESP,1990,7.51,77.0017,26571.934,13693.638,75100,77001.7
Spain,ESP,1995,8.72,78.2029,28353.914,15475.607,87200,78202.9
Spain,ESP,2000,9.65,79.4172,34000.395,14761.108,96500,79417.2
Spain,ESP,2005,10.64,80.3283,37695.24,26438.031,106400,80328.3
Spain,ESP,2010,10.75,82.0214,37152.723,30566.877,107500,82021.4
Sri Lanka,LKA,2015,10.09,74.9275,12127.873,4057.742,100900,74927.5
Sri Lanka,LKA,2020,10.33,76.3929,12745.754,3893.842,103300,76392.9
Sri Lanka,LKA,1990,8.9,71.9268,3985.4653,564.868,89000,71926.8
Sri Lanka,LKA,1995,9.83,72.2601,4898.221,829.22,98300,72260.1
Sri Lanka,LKA,2000,10.77,70.355,6046.18,1065.469,107700,70355
Sri Lanka,LKA,2005,10.83,72.1182,7101.552,1477.595,108300,72118.2
Sudan,SDN,2015,3.85,64.6587,4618.452,1679.025,38500,64658.7
Sudan,SDN,2020,4.38,65.6136,3660.1897,775.885,43800,65613.6
Sudan,SDN,1990,2.4,49.7321,2522.7278,87.197,24000,49732.1
Sudan,SDN,1995,2.78,51.991,2987.5981,239.507,27800,51991
Sudan,SDN,2000,3.09,58.3185,3844.3618,422.316,30900,58318.5
Sudan,SDN,2005,3.31,57.2786,4511.195,996.677,33100,57278.6
Sudan,SDN,2010,3.49,63.0161,4396.9893,1637.419,34900,63016.1
Sweden,SWE,2015,11.89,82.1834,51490.203,51274.278,118900,82183.4
Sweden,SWE,2020,11.93,82.4274,53052.1,52706.294,119300,82427.4
Sweden,SWE,1990,11.03,77.5883,35365.035,30253.863,110300,77588.3
Sweden,SWE,1995,11.41,78.8214,35285.562,30246.923,114100,78821.4
Sweden,SWE,2000,11.72,79.7382,41831.043,29589.141,117200,79738.2
Sweden,SWE,2005,11.86,80.621,45959.844,43349.851,118600,80621
Sweden,SWE,2010,11.95,81.5187,49372.48,52658.794,119500,81518.7
Switzerland,CHE,2015,12.95,82.8468,70461,84236.087,129500,82846.8
Switzerland,CHE,2020,12.97,83.067,65039.863,85872.732,129700,83067
Switzerland,CHE,1995,10.41,78.5648,56969.23,50285.617,104100,78564.8
Switzerland,CHE,2000,10.14,79.8335,64203.15,38968.647,101400,79833.5
Switzerland,CHE,2005,10.82,81.2338,68165.64,56378.441,108200,81233.8
Switzerland,CHE,2010,12.92,82.2831,71345.22,76833.551,129200,82283.1
Tanzania,TZA,2015,6.41,64.6507,2263.432,947.897,64100,64650.7
Togo,TGO,2015,6.85,59.3958,1941.9786,754.889,68500,59395.8
Togo,TGO,2020,7.68,61.035,2071.5227,897.817,76800,61035
Togo,TGO,1990,4.3,54.3697,1705.8552,715.236,43000,54369.7
Togo,TGO,1995,4.62,54.0366,1532.3291,523.522,46200,54036.6
Togo,TGO,2000,5.05,54.742,1638.0469,402.18,50500,54742
Togo,TGO,2005,5.44,55.9618,1522.7252,539.198,54400,55961.8
Togo,TGO,2010,6.09,57.3042,1578.0312,704.56,60900,57304.2
Tonga,TON,2015,11.22,70.607,5699.119,4298.224,112200,70607
Tonga,TON,2020,11.42,70.9276,6892.2544,4891.951,114200,70927.6
Tunisia,TUN,2015,8.63,75.6919,10477.013,4060.695,86300,75691.9
Tunisia,TUN,2020,9.29,75.2923,9714.619,3573.836,92900,75292.3
Tunisia,TUN,1990,4.68,70.1103,5522.529,1716.723,46800,70110.3
Tunisia,TUN,1995,5.48,71.9876,5999.26,2261.968,54800,71987.6
Tunisia,TUN,2000,6.32,73.6901,7433.7246,2322.277,63200,73690.1
Tunisia,TUN,2005,7.21,74.7642,8497.637,3350.785,72100,74764.2
Tunisia,TUN,2010,8,75.4206,10007.147,4343.057,80000,75420.6
Uganda,UGA,2015,6.27,61.0856,2068.7043,779.047,62700,61085.6
Uganda,UGA,2020,6.69,62.8513,1983.4781,910.045,66900,62851.3
Uganda,UGA,1990,3.71,46.4426,885.17944,472.193,37100,46442.6
Uganda,UGA,1995,4.17,46.5674,1064.0121,401.893,41700,46567.4
Uganda,UGA,2000,4.56,48.3415,1220.2719,355.466,45600,48341.5
Uganda,UGA,2005,5.11,52.9756,1434.6594,483.032,51100,52975.6
Uganda,UGA,2010,5.87,57.0547,1848.2761,808.713,58700,57054.7
Ukraine,UKR,2015,10.81,73.4581,11671.553,2134.773,108100,73458.1
Ukraine,UKR,2020,10.82,72.5726,12699.311,3780.075,108200,72572.6
United Arab Emirates,ARE,2015,9.35,79.2232,68400.74,41422.602,93500,79223.2
United Arab Emirates,ARE,2020,9.57,78.9457,67600.1,37648.963,95700,78945.7
United Kingdom,GBR,2015,12.67,80.9238,44103.273,45085.336,126700,80923.8
United Kingdom,GBR,2020,12.9,80.4345,41234.645,40347.364,129000,80434.5
United Kingdom,GBR,2000,9.97,77.8525,37867.816,28347.704,99700,77852.5
United Kingdom,GBR,2005,11.57,79.1116,42847.355,42170.81,115700,79111.6
United Kingdom,GBR,2010,12.46,80.4008,41736.203,39736.208,124600,80400.8
United States,USA,2015,13.29,78.8694,59704.457,56729.681,132900,78869.4
United States,USA,2020,13.32,77.4144,61581.887,63577.341,133200,77414.4
United States,USA,1990,12.55,75.3699,39486.574,23847.977,125500,75369.9
United States,USA,1995,12.83,75.8536,42198.387,28671.48,128300,75853.6
United States,USA,2000,13.1,76.8114,50439.098,36312.782,131000,76811.4
United States,USA,2005,13.01,77.5573,54324.76,44034.256,130100,77557.3
United States,USA,2010,13.24,78.7724,54284.957,48586.288,132400,78772.4
Uruguay,URY,2015,8.65,77.4827,21497.309,16720.59,86500,77482.7
Uruguay,URY,2020,8.76,78.4298,20641.736,15168.311,87600,78429.8
Uruguay,URY,1990,7.71,73.1617,10674.266,3573.099,77100,73161.7
Uruguay,URY,1995,8.08,73.896,12810.062,7176.409,80800,73896
Uruguay,URY,2000,8.36,75.0247,14568.227,7400.771,83600,75024.7
Uruguay,URY,2005,8.5,76.1935,14243.746,5639.444,85000,76193.5
Uruguay,URY,2010,8.61,76.858,18651.07,12888.965,86100,76858
Vietnam,VNM,2015,7.99,73.8763,7697.6523,2581.907,79900,73876.3
Vietnam,VNM,2020,8.35,75.3779,10005.175,3548.892,83500,75377.9
World,OWID_WRL,2015,8.4781275,71.8004,15178.855,10312.235,84781.275,71800.4
World,OWID_WRL,2020,8.840671,72.0361,15873.677,11048.299,88406.71,72036.1
World,OWID_WRL,1995,6.7548904,64.8766,9852.312,5627.723,67548.904,64876.6
World,OWID_WRL,2000,7.30281,66.4525,11116.3955,5671.498,73028.1,66452.5
World,OWID_WRL,2005,7.7592955,68.2047,12338.36,7427.372,77592.955,68204.7
World,OWID_WRL,2010,8.168049,70.1088,13598.406,9710.822,81680.49,70108.8
Zimbabwe,ZWE,2015,8.03,59.5911,2040.1503,1425.466,80300,59591.1
Zimbabwe,ZWE,2020,8.32,61.1242,1935.506,1769.565,83200,61124.2
Zimbabwe,ZWE,2010,7.86,50.6523,1659.4315,975.851,78600,50652.3
